safety_stock,reorder_point
3.2146670514865554,23.268595622915125
